<?xml version="1.0" encoding="UTF-8"?>
<profilesXml xmlns="http://maven.apache.org/PROFILES/1.0.0"
             xmlns:xsi="http://www.w3.org/2001/XMLSchema-instance"
             xsi:schemaLocation="http://maven.apache.org/PROFILES/1.0.0 http://maven.apache.org/xsd/profiles-1.0.0.xsd">
    <profiles>
        <profile>
            <id>default</id>
            <activation>
                <activeByDefault>true</activeByDefault>
            </activation>
            <properties>
                <robocode.version>1.7.2.2-Beta</robocode.version>
                <robocode.nversion>1.7.2.2</robocode.nversion>
            </properties>
        </profile>
    </profiles>
</profilesXml>