<?xml version="1.0"?>
<Map>
	<Object>
		<Type>Flag</Type>
		<X>50</X>
		<Y>300</Y>
		<Team>1</Team>
	</Object>
	<Object>
		<Type>Base</Type>
		<X>20</X>
		<Y>270</Y>
		<Width>80</Width>
		<Height>80</Height>
		<Team>1</Team>
	</Object>
	<Object>
		<Type>Flag</Type>
		<X>750</X>
		<Y>300</Y>
		<Team>2</Team>
	</Object>
	<Object>
		<Type>Base</Type>
		<X>700</X>
		<Y>270</Y>
		<Width>80</Width>
		<Height>80</Height>
		<Team>2</Team>
	</Object>
	<StartingPoint>
		<X>400</X>
		<Y>300</Y>
		<Heading>0</Heading>
	</StartingPoint>
	<StartingPoint>
		<X>50</X>
		<Y>50</Y>
		<Heading>0</Heading>
	</StartingPoint>
	<StartingPoint>
		<X>50</X>
		<Y>550</Y>
		<Heading>0</Heading>
	</StartingPoint>
	<StartingPoint>
		<X>750</X>
		<Y>50</Y>
		<Heading>0</Heading>
	</StartingPoint>
	<StartingPoint>
		<X>750</X>
		<Y>550</Y>
		<Heading>0</Heading>
	</StartingPoint>
</Map>
